"Phase","Timestamp start","Timestamp end"
"1","1645505560152","1645505561652"
"1","1645505560153","1645505561703"
"1","1645505560154","1645505561704"
"1","1645505560154","1645505561707"
"1","1645505560156","1645505561710"
"1","1645505560158","1645505561712"
"1","1645505560159","1645505561775"
"1","1645505560160","1645505561775"
"1","1645505560160","1645505561775"
"1","1645505560161","1645505561775"
"1","1645505560161","1645505561776"
"1","1645505560163","1645505561824"
"1","1645505560163","1645505561825"
"1","1645505560164","1645505561862"
"1","1645505560165","1645505561862"
"1","1645505560167","1645505561862"
"1","1645505560168","1645505561862"
"1","1645505560169","1645505561862"
"1","1645505560170","1645505561862"
"1","1645505560171","1645505561865"
"1","1645505560172","1645505561865"
"1","1645505560172","1645505561865"
"1","1645505560173","1645505561867"
"1","1645505560179","1645505562233"
"1","1645505560180","1645505562235"
"1","1645505560181","1645505562236"
"1","1645505560183","1645505562236"
"1","1645505560185","1645505562238"
"1","1645505560188","1645505562241"
"1","1645505560195","1645505562241"
"1","1645505560195","1645505562242"
"1","1645505560196","1645505562247"
"1","1645505560196","1645505562311"
"1","1645505560197","1645505562313"
"1","1645505560198","1645505562314"
"1","1645505560199","1645505562315"
"1","1645505560199","1645505562320"
"1","1645505560200","1645505562355"
"1","1645505560215","1645505562356"
"1","1645505560216","1645505562363"
"1","1645505560221","1645505562363"
"1","1645505560222","1645505562364"
"1","1645505560228","1645505562364"
"1","1645505560235","1645505562364"
"1","1645505560236","1645505562365"
"1","1645505560237","1645505562368"
"1","1645505560237","1645505562369"
"1","1645505560238","1645505562371"
"1","1645505560244","1645505562371"
"1","1645505560244","1645505562371"
"1","1645505560245","1645505562372"
"1","1645505560247","1645505562372"
"1","1645505560248","1645505562373"
"1","1645505560249","1645505562374"
"1","1645505560250","1645505562374"
"1","1645505560250","1645505562374"
"1","1645505560255","1645505562374"
"1","1645505560255","1645505562375"
"1","1645505560256","1645505562377"
"1","1645505560257","1645505562377"
"1","1645505560258","1645505562378"
"1","1645505560258","1645505562379"
"1","1645505560260","1645505562382"
"1","1645505560261","1645505562382"
"1","1645505560262","1645505562382"
"1","1645505560263","1645505562382"
"1","1645505560263","1645505562384"
"1","1645505560268","1645505562387"
"1","1645505560271","1645505562387"
"1","1645505560272","1645505562388"
"1","1645505560272","1645505562389"
"1","1645505560274","1645505562391"
"1","1645505560274","1645505562391"
"1","1645505560275","1645505562391"
"1","1645505560276","1645505562392"
"1","1645505560277","1645505562392"
"1","1645505560277","1645505562392"
"1","1645505560278","1645505562394"
"1","1645505560279","1645505562394"
"1","1645505560280","1645505562394"
"1","1645505560281","1645505562394"
"1","1645505560281","1645505562395"
"1","1645505560282","1645505562395"
"1","1645505560283","1645505562395"
"1","1645505560283","1645505562395"
"1","1645505560283","1645505562395"
"1","1645505560288","1645505562397"
"1","1645505560290","1645505562397"
"1","1645505560290","1645505562397"
"1","1645505560294","1645505562397"
"1","1645505560298","1645505562397"
"1","1645505560300","1645505562397"
"1","1645505560306","1645505562397"
"1","1645505560307","1645505562398"
"1","1645505560308","1645505562398"
"1","1645505560310","1645505562402"
"1","1645505560312","1645505562402"
"1","1645505560324","1645505562402"
"1","1645505560331","1645505562402"
"1","1645505560332","1645505562403"
"1","1645505560333","1645505562403"
"1","1645505560335","1645505562403"
"1","1645505560336","1645505562403"
"1","1645505560336","1645505562403"
"1","1645505560337","1645505562404"
"1","1645505560337","1645505562404"
"1","1645505560338","1645505562404"
"1","1645505560338","1645505562404"
"1","1645505560339","1645505562405"
"1","1645505560339","1645505562405"
"1","1645505560339","1645505562405"
"1","1645505560339","1645505562405"
"1","1645505560340","1645505562405"
"1","1645505560340","1645505562406"
"1","1645505560341","1645505562406"
"1","1645505560342","1645505562406"
"1","1645505560342","1645505562406"
"1","1645505560342","1645505562406"
"1","1645505560343","1645505562406"
"1","1645505560343","1645505562406"
"1","1645505560346","1645505562406"
"1","1645505560347","1645505562408"
"1","1645505560353","1645505562408"
"1","1645505560358","1645505562408"
"1","1645505560358","1645505562409"
"1","1645505560359","1645505562409"
"1","1645505560359","1645505562409"
"1","1645505560360","1645505562410"
"1","1645505561652","1645505562411"
"1","1645505561703","1645505562427"
"1","1645505561704","1645505564645"
"1","1645505561707","1645505564645"
"1","1645505561710","1645505564646"
"1","1645505561712","1645505564652"
"1","1645505561775","1645505564658"
"1","1645505561775","1645505564671"
"1","1645505561775","1645505564694"
"1","1645505561775","1645505564708"
"1","1645505561776","1645505564714"
"1","1645505561824","1645505564716"
"1","1645505561825","1645505564717"
"1","1645505561862","1645505564733"
"1","1645505561862","1645505564733"
"1","1645505561862","1645505564735"
"1","1645505561862","1645505564737"
"1","1645505561862","1645505564738"
"1","1645505561862","1645505564743"
"1","1645505561865","1645505564743"
"1","1645505561865","1645505564744"
"1","1645505561865","1645505564744"
"1","1645505561867","1645505564747"
"1","1645505562233","1645505564749"
"1","1645505562235","1645505564750"
"1","1645505562236","1645505564752"
"1","1645505562236","1645505564753"
"1","1645505562238","1645505564754"
"1","1645505562241","1645505564756"
"1","1645505562241","1645505564756"
"1","1645505562242","1645505564758"
"1","1645505562247","1645505564758"
"1","1645505562311","1645505564760"
"1","1645505562313","1645505564766"
"1","1645505562314","1645505564767"
"1","1645505562315","1645505564770"
"1","1645505562320","1645505564773"
"1","1645505562355","1645505564774"
"1","1645505562356","1645505564777"
"1","1645505562363","1645505564780"
"1","1645505562363","1645505564783"
"1","1645505562364","1645505564784"
"1","1645505562364","1645505564789"
"1","1645505562364","1645505564797"
"1","1645505562365","1645505564800"
"1","1645505562368","1645505564803"
"1","1645505562369","1645505564803"
"1","1645505562371","1645505564803"
"1","1645505562371","1645505564805"
"1","1645505562372","1645505564806"
"1","1645505562372","1645505564808"
"1","1645505562372","1645505564808"
"1","1645505562373","1645505564810"
"1","1645505562374","1645505564810"
"1","1645505562374","1645505564812"
"1","1645505562374","1645505564816"
"1","1645505562374","1645505564818"
"1","1645505562375","1645505564818"
"1","1645505562377","1645505564818"
"1","1645505562377","1645505564819"
"1","1645505562378","1645505564820"
"1","1645505562379","1645505564822"
"1","1645505562382","1645505564823"
"1","1645505562382","1645505564828"
"1","1645505562382","1645505564829"
"1","1645505562382","1645505564833"
"1","1645505562384","1645505564833"
"1","1645505562387","1645505564835"
"1","1645505562387","1645505564842"
"1","1645505562388","1645505564850"
"1","1645505562389","1645505564859"
"1","1645505562391","1645505564867"
"1","1645505562391","1645505564868"
"1","1645505562391","1645505564900"
"1","1645505562392","1645505564910"
"1","1645505562392","1645505564913"
"1","1645505562392","1645505564915"
"1","1645505562394","1645505564916"
"1","1645505562394","1645505564916"
"1","1645505562394","1645505564920"
"1","1645505562394","1645505564923"
"1","1645505562395","1645505564923"
"1","1645505562395","1645505564924"
"1","1645505562395","1645505564930"
"1","1645505562395","1645505564930"
"1","1645505562395","1645505564933"
"1","1645505562397","1645505564940"
"1","1645505562397","1645505564947"
"1","1645505562397","1645505564949"
"1","1645505562397","1645505564949"
"1","1645505562397","1645505564950"
"1","1645505562397","1645505564953"
"1","1645505562397","1645505564953"
"1","1645505562398","1645505564955"
"1","1645505562398","1645505564955"
"1","1645505562402","1645505564955"
"1","1645505562402","1645505564957"
"1","1645505562402","1645505564960"
"1","1645505562402","1645505564961"
"1","1645505562403","1645505564964"
"1","1645505562403","1645505564965"
"1","1645505562403","1645505564965"
"1","1645505562403","1645505564965"
"1","1645505562403","1645505564965"
"1","1645505562404","1645505564965"
"1","1645505562404","1645505564965"
"1","1645505562404","1645505564965"
"1","1645505562404","1645505564965"
"1","1645505562405","1645505564965"
"1","1645505562405","1645505564965"
"1","1645505562405","1645505564965"
"1","1645505562405","1645505564965"
"1","1645505562405","1645505564965"
"1","1645505562406","1645505564965"
"1","1645505562406","1645505564965"
"1","1645505562406","1645505564965"
"1","1645505562406","1645505564965"
"1","1645505562406","1645505564965"
"1","1645505562406","1645505564965"
"1","1645505562406","1645505564965"
"1","1645505562406","1645505564965"
"1","1645505562408","1645505564965"
"1","1645505562408","1645505564965"
"1","1645505562408","1645505564965"
"1","1645505562409","1645505564965"
"1","1645505562409","1645505564965"
"1","1645505562409","1645505564965"
"1","1645505562410","1645505564965"
"1","1645505562411","1645505564965"
"1","1645505562427","1645505564965"
"1","1645505564645","1645505564965"
"1","1645505564645","1645505564965"
"1","1645505564646","1645505564965"
"1","1645505564652","1645505564965"
"1","1645505564658","1645505564965"
"1","1645505564671","1645505564965"
"1","1645505564694","1645505564965"
"1","1645505564708","1645505564965"
"1","1645505564714","1645505564965"
"1","1645505564716","1645505564965"
"1","1645505564717","1645505564965"
"1","1645505564733","1645505564965"
"1","1645505564733","1645505564965"
"1","1645505564735","1645505564965"
"1","1645505564737","1645505564965"
"1","1645505564738","1645505564965"
"1","1645505564743","1645505564965"
"1","1645505564743","1645505564965"
"1","1645505564744","1645505564965"
"1","1645505564744","1645505564965"
"1","1645505564747","1645505564965"
"1","1645505564749","1645505564965"
"1","1645505564750","1645505564965"
"1","1645505564752","1645505564965"
"1","1645505564753","1645505564965"
"1","1645505564754","1645505564973"
"1","1645505564756","1645505564973"
"1","1645505564756","1645505564973"
"1","1645505564758","1645505564973"
"1","1645505564758","1645505564973"
"1","1645505564760","1645505564973"
"1","1645505564766","1645505564973"
"1","1645505564767","1645505564973"
"1","1645505564770","1645505564973"
"1","1645505564773","1645505564973"
"1","1645505564774","1645505564973"
"1","1645505564777","1645505564973"
"1","1645505564780","1645505564973"
"1","1645505564783","1645505564974"
"1","1645505564784","1645505564974"
"1","1645505564789","1645505564974"
"1","1645505564797","1645505564974"
"1","1645505564800","1645505564974"
"1","1645505564803","1645505564974"
"1","1645505564803","1645505564974"
"1","1645505564803","1645505564974"
"1","1645505564805","1645505564974"
"1","1645505564806","1645505564974"
"1","1645505564808","1645505564974"
"1","1645505564808","1645505564974"
"1","1645505564810","1645505564974"
"1","1645505564810","1645505564974"
"1","1645505564812","1645505564974"
"1","1645505564816","1645505564974"
"1","1645505564818","1645505564974"
"1","1645505564818","1645505564974"
"1","1645505564818","1645505564974"
"1","1645505564819","1645505564974"
"1","1645505564820","1645505564974"
"1","1645505564822","1645505564974"
"1","1645505564823","1645505564974"
"1","1645505564828","1645505564975"
"1","1645505564829","1645505564975"
"1","1645505564833","1645505564975"
"1","1645505564833","1645505564975"
"1","1645505564835","1645505564975"
"1","1645505564842","1645505564975"
"1","1645505564850","1645505564975"
"1","1645505564859","1645505564975"
"1","1645505564867","1645505564975"
"1","1645505564868","1645505564975"
"1","1645505564900","1645505564975"
"1","1645505564910","1645505564975"
"1","1645505564913","1645505564975"
"1","1645505564915","1645505564975"
"1","1645505564916","1645505564975"
"1","1645505564916","1645505564975"
"1","1645505564920","1645505564975"
"1","1645505564923","1645505564975"
"1","1645505564923","1645505564975"
"1","1645505564924","1645505564975"
"1","1645505564930","1645505564975"
"1","1645505564930","1645505564975"
"1","1645505564933","1645505564975"
"1","1645505564940","1645505564975"
"1","1645505564947","1645505564975"
"1","1645505564949","1645505564975"
"1","1645505564949","1645505564975"
"1","1645505564950","1645505564975"
"1","1645505564953","1645505564975"
"1","1645505564953","1645505564975"
"1","1645505564955","1645505564975"
"1","1645505564955","1645505564975"
"1","1645505564955","1645505564975"
"1","1645505564957","1645505564975"
"1","1645505564960","1645505564975"
"1","1645505564961","1645505564975"
"1","1645505564964","1645505564975"
"1","1645505564965","1645505564975"
"1","1645505564973","1645505564975"
"1","1645505564974","1645505564975"
"1","1645505564975","1645505564975"
"2","1645505562237","1645505562536"
"2","1645505562237","1645505562856"
"2","1645505562237","1645505562972"
"2","1645505562238","1645505564533"
"2","1645505562238","1645505564544"
"2","1645505562239","1645505564545"
"2","1645505562239","1645505564597"
"2","1645505562239","1645505564609"
"2","1645505562240","1645505564617"
"2","1645505562240","1645505564619"
"2","1645505562240","1645505564619"
"2","1645505562241","1645505564623"
"2","1645505562241","1645505564624"
"2","1645505562242","1645505564640"
"2","1645505562242","1645505564640"
"2","1645505562243","1645505564641"
"2","1645505562243","1645505564641"
"2","1645505562244","1645505564641"
"2","1645505562244","1645505564643"
"2","1645505562245","1645505564644"
"2","1645505562245","1645505564644"
"2","1645505562246","1645505564645"
"2","1645505562247","1645505564697"
"2","1645505562247","1645505564703"
"2","1645505562247","1645505564712"
"2","1645505562248","1645505564714"
"2","1645505562248","1645505564715"
"2","1645505562248","1645505564716"
"2","1645505562248","1645505564718"
"2","1645505562248","1645505564720"
"2","1645505562249","1645505564730"
"2","1645505562249","1645505564731"
"2","1645505562249","1645505564731"
"2","1645505562249","1645505564731"
"2","1645505562250","1645505564734"
"2","1645505562250","1645505564734"
"2","1645505562250","1645505564734"
"2","1645505562251","1645505564734"
"2","1645505562252","1645505564736"
"2","1645505562252","1645505564736"
"2","1645505562253","1645505564736"
"2","1645505562254","1645505564737"
"2","1645505562255","1645505564737"
"2","1645505562257","1645505564737"
"2","1645505562258","1645505564737"
"2","1645505562258","1645505564738"
"2","1645505562259","1645505564738"
"2","1645505562259","1645505564738"
"2","1645505562259","1645505564738"
"2","1645505562259","1645505564738"
"2","1645505562259","1645505564738"
"2","1645505562260","1645505564738"
"2","1645505562260","1645505564739"
"2","1645505562260","1645505564739"
"2","1645505562260","1645505564739"
"2","1645505562261","1645505564739"
"2","1645505562261","1645505564739"
"2","1645505562261","1645505564740"
"2","1645505562261","1645505564741"
"2","1645505562262","1645505564741"
"2","1645505562262","1645505564742"
"2","1645505562262","1645505564742"
"2","1645505562262","1645505564742"
"2","1645505562263","1645505564742"
"2","1645505562263","1645505564742"
"2","1645505562263","1645505564742"
"2","1645505562264","1645505564742"
"2","1645505562264","1645505564743"
"2","1645505562264","1645505564743"
"2","1645505562264","1645505564743"
"2","1645505562265","1645505564743"
"2","1645505562265","1645505564743"
"2","1645505562265","1645505564743"
"2","1645505562266","1645505564743"
"2","1645505562266","1645505564743"
"2","1645505562267","1645505564743"
"2","1645505562267","1645505564744"
"2","1645505562267","1645505564744"
"2","1645505562267","1645505564744"
"2","1645505562268","1645505564744"
"2","1645505562268","1645505564745"
"2","1645505562268","1645505564745"
"2","1645505562269","1645505564747"
"2","1645505562269","1645505564747"
"2","1645505562270","1645505564747"
"2","1645505562270","1645505564747"
"2","1645505562270","1645505564748"
"2","1645505562270","1645505564748"
"2","1645505562271","1645505564748"
"2","1645505562271","1645505564748"
"2","1645505562271","1645505564749"
"2","1645505562271","1645505564749"
"2","1645505562271","1645505564749"
"2","1645505562272","1645505564749"
"2","1645505562272","1645505564751"
"2","1645505562272","1645505564751"
"2","1645505562273","1645505564751"
"2","1645505562273","1645505564751"
"2","1645505562273","1645505564752"
"2","1645505562274","1645505564752"
"2","1645505562274","1645505564753"
"2","1645505562274","1645505564753"
"2","1645505562274","1645505564753"
"2","1645505562275","1645505564753"
"2","1645505562275","1645505564753"
"2","1645505562275","1645505564753"
"2","1645505562276","1645505564754"
"2","1645505562276","1645505564754"
"2","1645505562276","1645505564754"
"2","1645505562276","1645505564754"
"2","1645505562277","1645505564754"
"2","1645505562277","1645505564755"
"2","1645505562277","1645505564755"
"2","1645505562279","1645505564755"
"2","1645505562279","1645505564755"
"2","1645505562280","1645505564755"
"2","1645505562280","1645505564756"
"2","1645505562281","1645505564756"
"2","1645505562281","1645505564756"
"2","1645505562282","1645505564756"
"2","1645505562282","1645505564757"
"2","1645505562282","1645505564757"
"2","1645505562282","1645505564757"
"2","1645505562283","1645505564758"
"2","1645505562283","1645505564758"
"2","1645505562283","1645505564758"
"2","1645505562284","1645505564759"
"2","1645505562284","1645505564759"
"2","1645505562285","1645505564759"
"2","1645505562286","1645505564760"
"2","1645505562287","1645505564763"
"2","1645505562287","1645505564763"
"2","1645505562288","1645505564763"
"2","1645505562289","1645505564763"
"2","1645505562289","1645505564764"
"2","1645505562291","1645505564766"
"2","1645505562292","1645505564767"
"2","1645505562292","1645505564767"
"2","1645505562293","1645505564767"
"2","1645505562294","1645505564767"
"2","1645505562294","1645505564768"
"2","1645505562295","1645505564769"
"2","1645505562296","1645505564769"
"2","1645505562296","1645505564769"
"2","1645505562297","1645505564769"
"2","1645505562298","1645505564770"
"2","1645505562299","1645505564770"
"2","1645505562299","1645505564771"
"2","1645505562299","1645505564772"
"2","1645505562301","1645505564772"
"2","1645505562302","1645505564772"
"2","1645505562303","1645505564773"
"2","1645505562303","1645505564773"
"2","1645505562303","1645505564773"
"2","1645505562304","1645505564774"
"2","1645505562304","1645505564774"
"2","1645505562305","1645505564774"
"2","1645505562305","1645505564774"
"2","1645505562305","1645505564775"
"2","1645505562306","1645505564775"
"2","1645505562307","1645505564777"
"2","1645505562307","1645505564777"
"2","1645505562307","1645505564777"
"2","1645505562308","1645505564778"
"2","1645505562308","1645505564778"
"2","1645505562309","1645505564778"
"2","1645505562312","1645505564778"
"2","1645505562313","1645505564780"
"2","1645505562313","1645505564781"
"2","1645505562314","1645505564781"
"2","1645505562318","1645505564781"
"2","1645505562328","1645505564781"
"2","1645505562330","1645505564781"
"2","1645505562330","1645505564781"
"2","1645505562331","1645505564781"
"2","1645505562333","1645505564782"
"2","1645505562335","1645505564782"
"2","1645505562335","1645505564782"
"2","1645505562337","1645505564784"
"2","1645505562338","1645505564785"
"2","1645505562353","1645505564788"
"2","1645505562353","1645505564788"
"2","1645505562355","1645505564794"
"2","1645505562359","1645505564796"
"2","1645505562359","1645505564796"
"2","1645505562376","1645505564796"
"2","1645505562376","1645505564796"
"2","1645505562380","1645505564797"
"2","1645505562380","1645505564798"
"2","1645505562381","1645505564798"
"2","1645505562381","1645505564799"
"2","1645505562382","1645505564799"
"2","1645505562382","1645505564799"
"2","1645505562383","1645505564800"
"2","1645505562383","1645505564800"
"2","1645505562384","1645505564800"
"2","1645505562384","1645505564800"
"2","1645505562384","1645505564801"
"2","1645505562385","1645505564802"
"2","1645505562385","1645505564802"
"2","1645505562385","1645505564802"
"2","1645505562385","1645505564802"
"2","1645505562386","1645505564803"
"2","1645505562386","1645505564803"
"2","1645505562386","1645505564803"
"2","1645505562388","1645505564803"
"2","1645505562390","1645505564804"
"2","1645505562390","1645505564804"
"2","1645505562390","1645505564804"
"2","1645505562391","1645505564805"
"2","1645505562391","1645505564805"
"2","1645505562392","1645505564805"
"2","1645505562393","1645505564805"
"2","1645505562393","1645505564805"
"2","1645505562393","1645505564806"
"2","1645505562395","1645505564806"
"2","1645505562396","1645505564806"
"2","1645505562396","1645505564806"
"2","1645505562396","1645505564806"
"2","1645505562398","1645505564807"
"2","1645505562398","1645505564807"
"2","1645505562399","1645505564807"
"2","1645505562400","1645505564807"
"2","1645505562401","1645505564807"
"2","1645505562402","1645505564807"
"2","1645505562414","1645505564808"
"2","1645505562414","1645505564808"
"2","1645505562415","1645505564808"
"2","1645505562415","1645505564808"
"2","1645505562415","1645505564809"
"2","1645505562416","1645505564809"
"2","1645505562416","1645505564809"
"2","1645505562416","1645505564810"
"2","1645505562416","1645505564810"
"2","1645505562417","1645505564811"
"2","1645505562419","1645505564811"
"2","1645505562419","1645505564813"
"2","1645505562419","1645505564813"
"2","1645505562420","1645505564813"
"2","1645505562420","1645505564815"
"2","1645505562420","1645505564815"
"2","1645505562420","1645505564816"
"2","1645505562421","1645505564816"
"2","1645505562421","1645505564817"
"2","1645505562422","1645505564817"
"2","1645505562423","1645505564817"
"2","1645505562424","1645505564817"
"2","1645505562424","1645505564818"
"2","1645505562424","1645505564818"
"2","1645505562425","1645505564819"
"2","1645505562425","1645505564819"
"2","1645505562426","1645505564820"
"2","1645505562426","1645505564820"
"2","1645505562426","1645505564821"
"2","1645505562426","1645505564821"
"2","1645505562427","1645505564821"
"2","1645505562427","1645505564821"
"2","1645505562427","1645505564821"
"2","1645505562428","1645505564822"
"2","1645505562428","1645505564822"
"2","1645505562428","1645505564823"
"2","1645505562428","1645505564823"
"2","1645505562428","1645505564823"
"2","1645505562428","1645505564824"
"2","1645505562429","1645505564824"
"2","1645505562429","1645505564825"
"2","1645505562429","1645505564827"
"2","1645505562429","1645505564827"
"2","1645505562430","1645505564828"
"2","1645505562430","1645505564828"
"2","1645505562430","1645505564828"
"2","1645505562430","1645505564830"
"2","1645505562430","1645505564832"
"2","1645505562431","1645505564833"
"2","1645505562431","1645505564836"
"2","1645505562431","1645505564837"
"2","1645505562431","1645505564838"
"2","1645505562431","1645505564839"
"2","1645505562432","1645505564842"
"2","1645505562432","1645505564843"
"2","1645505562432","1645505564861"
"2","1645505562432","1645505564902"
"2","1645505562509","1645505564902"
"2","1645505562512","1645505564907"
"2","1645505562519","1645505564912"
"2","1645505562526","1645505564912"
"2","1645505562536","1645505564912"
"2","1645505562537","1645505564913"
"2","1645505562537","1645505564914"
"2","1645505562540","1645505564914"
"2","1645505562544","1645505564914"
"2","1645505562544","1645505564914"
"2","1645505562563","1645505564915"
"2","1645505562566","1645505564917"
"2","1645505562567","1645505564919"
"2","1645505562568","1645505564919"
"2","1645505562568","1645505564920"
"2","1645505562568","1645505564921"
"2","1645505562569","1645505564921"
"2","1645505562569","1645505564921"
"2","1645505562570","1645505564921"
"2","1645505562571","1645505564922"
"2","1645505562571","1645505564922"
"2","1645505562575","1645505564922"
"2","1645505562578","1645505564922"
"2","1645505562579","1645505564923"
"2","1645505562581","1645505564924"
"2","1645505562583","1645505564925"
"2","1645505562586","1645505564925"
"2","1645505562586","1645505564925"
"2","1645505562587","1645505564925"
"2","1645505562590","1645505564925"
"2","1645505562597","1645505564926"
"2","1645505562599","1645505564926"
"2","1645505562600","1645505564926"
"2","1645505562600","1645505564927"
"2","1645505562600","1645505564927"
"2","1645505562601","1645505564928"
"2","1645505562601","1645505564928"
"2","1645505562601","1645505564928"
"2","1645505562602","1645505564928"
"2","1645505562602","1645505564929"
"2","1645505562603","1645505564930"
"2","1645505562603","1645505564930"
"2","1645505562604","1645505564930"
"2","1645505562604","1645505564931"
"2","1645505562604","1645505564931"
"2","1645505562605","1645505564932"
"2","1645505562605","1645505564932"
"2","1645505562605","1645505564932"
"2","1645505562605","1645505564933"
"2","1645505562606","1645505564933"
"2","1645505562606","1645505564933"
"2","1645505562606","1645505564933"
"2","1645505562607","1645505564934"
"2","1645505562608","1645505564934"
"2","1645505562608","1645505564934"
"2","1645505562608","1645505564935"
"2","1645505562609","1645505564935"
"2","1645505562609","1645505564939"
"2","1645505562609","1645505564939"
"2","1645505562609","1645505564939"
"2","1645505562611","1645505564940"
"2","1645505562612","1645505564941"
"2","1645505562614","1645505564941"
"2","1645505562614","1645505564942"
"2","1645505562614","1645505564942"
"2","1645505562614","1645505564942"
"2","1645505562615","1645505564942"
"2","1645505562615","1645505564942"
"2","1645505562616","1645505564942"
"2","1645505562618","1645505564943"
"2","1645505562618","1645505564943"
"2","1645505562618","1645505564943"
"2","1645505562619","1645505564943"
"2","1645505562620","1645505564945"
"2","1645505562621","1645505564945"
"2","1645505562622","1645505564947"
"2","1645505562624","1645505564947"
"2","1645505562625","1645505564947"
"2","1645505562628","1645505564947"
"2","1645505562629","1645505564947"
"2","1645505562630","1645505564948"
"2","1645505562635","1645505564949"
"2","1645505562637","1645505564949"
"2","1645505562637","1645505564949"
"2","1645505562638","1645505564949"
"2","1645505562639","1645505564949"
"2","1645505562641","1645505564950"
"2","1645505562641","1645505564950"
"2","1645505562642","1645505564950"
"2","1645505562647","1645505564950"
"2","1645505562654","1645505564950"
"2","1645505562655","1645505564951"
"2","1645505562659","1645505564951"
"2","1645505562659","1645505564952"
"2","1645505562659","1645505564952"
"2","1645505562663","1645505564953"
"2","1645505562663","1645505564953"
"2","1645505562664","1645505564953"
"2","1645505562664","1645505564953"
"2","1645505562665","1645505564954"
"2","1645505562665","1645505564955"
"2","1645505562665","1645505564956"
"2","1645505562669","1645505564957"
"2","1645505562678","1645505564957"
"2","1645505562679","1645505564958"
"2","1645505562679","1645505564958"
"2","1645505562679","1645505564958"
"2","1645505562680","1645505564958"
"2","1645505562680","1645505564959"
"2","1645505562685","1645505564959"
"2","1645505562686","1645505564959"
"2","1645505562688","1645505564959"
"2","1645505562688","1645505564959"
"2","1645505562689","1645505564959"
"2","1645505562689","1645505564960"
"2","1645505562689","1645505564960"
"2","1645505562689","1645505564960"
"2","1645505562689","1645505564960"
"2","1645505562690","1645505564960"
"2","1645505562690","1645505564960"
"2","1645505562690","1645505564961"
"2","1645505562690","1645505564961"
"2","1645505562690","1645505564961"
"2","1645505562691","1645505564961"
"2","1645505562691","1645505564961"
"2","1645505562691","1645505564963"
"2","1645505562691","1645505564963"
"2","1645505562691","1645505564964"
"2","1645505562691","1645505564964"
"2","1645505562692","1645505564964"
"2","1645505562692","1645505564964"
"2","1645505562692","1645505564964"
"2","1645505562693","1645505564964"
"2","1645505562693","1645505564965"
"2","1645505562693","1645505564965"
"2","1645505562693","1645505564967"
"2","1645505562694","1645505564967"
"2","1645505562694","1645505564967"
"2","1645505562695","1645505564968"
"2","1645505562695","1645505564969"
"2","1645505562695","1645505564969"
"2","1645505562695","1645505564972"
"2","1645505562695","1645505564973"
"2","1645505562696","1645505564973"
"2","1645505562696","1645505564973"
"2","1645505562696","1645505564973"
"2","1645505562696","1645505564974"
"2","1645505562696","1645505564974"
"2","1645505562697","1645505564974"
"2","1645505562697","1645505564974"
"2","1645505562697","1645505564975"
"2","1645505562698","1645505564975"
"2","1645505562698","1645505564976"
"2","1645505562698","1645505564978"
"2","1645505562698","1645505564978"
"2","1645505562698","1645505564978"
"2","1645505562698","1645505564979"
"2","1645505562698","1645505564979"
"2","1645505562699","1645505564980"
"2","1645505562699","1645505564980"
"2","1645505562699","1645505564980"
"2","1645505562699","1645505564981"
"2","1645505562699","1645505564981"
"2","1645505562700","1645505564982"
"2","1645505562700","1645505564982"
"2","1645505562700","1645505564982"
"2","1645505562700","1645505564982"
"2","1645505562700","1645505564982"
"2","1645505562705","1645505564982"
"2","1645505562706","1645505564982"
"2","1645505562706","1645505564983"
"2","1645505562707","1645505564983"
"2","1645505562708","1645505564983"
"2","1645505562708","1645505564984"
"2","1645505562709","1645505564984"
"2","1645505562709","1645505564985"
"2","1645505562710","1645505564986"
"2","1645505562710","1645505564986"
"2","1645505562710","1645505564987"
"2","1645505562710","1645505564987"
"2","1645505562711","1645505564987"
"2","1645505562711","1645505564987"
"2","1645505562711","1645505564987"
"2","1645505562711","1645505564987"
"2","1645505562711","1645505564988"
"2","1645505562712","1645505564988"
"2","1645505562712","1645505564988"
"2","1645505562713","1645505564988"
"2","1645505562713","1645505564989"
"2","1645505562713","1645505564989"
"2","1645505562713","1645505564989"
"2","1645505562714","1645505564989"
"2","1645505562714","1645505564989"
"2","1645505562714","1645505564990"
"2","1645505562714","1645505564990"
"2","1645505562714","1645505564992"
"2","1645505562715","1645505564993"
"2","1645505562715","1645505564993"
"2","1645505562715","1645505564993"
"2","1645505562715","1645505564993"
"2","1645505562715","1645505564993"
"2","1645505562715","1645505564993"
"2","1645505562716","1645505564994"
"2","1645505562717","1645505564994"
"2","1645505562719","1645505564995"
"2","1645505562721","1645505564995"
"2","1645505562722","1645505564996"
"2","1645505562723","1645505564997"
"2","1645505562723","1645505564997"
"2","1645505562723","1645505564997"
"2","1645505562725","1645505564997"
"2","1645505562726","1645505564997"
"2","1645505562727","1645505564997"
"2","1645505562727","1645505564998"
"2","1645505562727","1645505564999"
"2","1645505562729","1645505564999"
"2","1645505562729","1645505564999"
"2","1645505562730","1645505564999"
"2","1645505562730","1645505565000"
"2","1645505562730","1645505565000"
"2","1645505562731","1645505565000"
"2","1645505562731","1645505565001"
"2","1645505562731","1645505565001"
"2","1645505562731","1645505565001"
"2","1645505562856","1645505565002"
"2","1645505562972","1645505565079"
"2","1645505564450","1645505565080"
"2","1645505564450","1645505565083"
"2","1645505564450","1645505565087"
"2","1645505564533","1645505565088"
"2","1645505564544","1645505565088"
"2","1645505564545","1645505565089"
"2","1645505564597","1645505565092"
"2","1645505564609","1645505565092"
"2","1645505564617","1645505565094"
"2","1645505564619","1645505565094"
"2","1645505564619","1645505565096"
"2","1645505564623","1645505565098"
"2","1645505564624","1645505565098"
"2","1645505564640","1645505565099"
"2","1645505564640","1645505565101"
"2","1645505564641","1645505565102"
"2","1645505564641","1645505565102"
"2","1645505564641","1645505565103"
"2","1645505564643","1645505565104"
"2","1645505564644","1645505565105"
"2","1645505564644","1645505565108"
"2","1645505564645","1645505565109"
"2","1645505564697","1645505565113"
"2","1645505564703","1645505565115"
"2","1645505564712","1645505565115"
"2","1645505564714","1645505565116"
"2","1645505564715","1645505565118"
"2","1645505564716","1645505565120"
"2","1645505564718","1645505565124"
"2","1645505564720","1645505565125"
"2","1645505564730","1645505565131"
"2","1645505564731","1645505565133"
"2","1645505564731","1645505565134"
"2","1645505564731","1645505565136"
"2","1645505564734","1645505565136"
"2","1645505564734","1645505565137"
"2","1645505564734","1645505565138"
"2","1645505564734","1645505565139"
"2","1645505564736","1645505565141"
"2","1645505564736","1645505565141"
"2","1645505564736","1645505565142"
"2","1645505564737","1645505565143"
"2","1645505564737","1645505565144"
"2","1645505564737","1645505565146"
"2","1645505564737","1645505565147"
"2","1645505564738","1645505565148"
"2","1645505564738","1645505565152"
"2","1645505564738","1645505565153"
"2","1645505564738","1645505565156"
"2","1645505564738","1645505565158"
"2","1645505564738","1645505565160"
"2","1645505564738","1645505565163"
"2","1645505564739","1645505565167"
"2","1645505564739","1645505565167"
"2","1645505564739","1645505565169"
"2","1645505564739","1645505565169"
"2","1645505564739","1645505565169"
"2","1645505564740","1645505565170"
"2","1645505564741","1645505565170"
"2","1645505564742","1645505565170"
"2","1645505564742","1645505565171"
"2","1645505564742","1645505565171"
"2","1645505564742","1645505565171"
"2","1645505564742","1645505565171"
"2","1645505564742","1645505565172"
"2","1645505564742","1645505565172"
"2","1645505564742","1645505565172"
"2","1645505564743","1645505565172"
"2","1645505564743","1645505565172"
"2","1645505564743","1645505565173"
"2","1645505564743","1645505565173"
"2","1645505564743","1645505565173"
"2","1645505564743","1645505565174"
"2","1645505564743","1645505565174"
"2","1645505564743","1645505565174"
"2","1645505564743","1645505565175"
"2","1645505564744","1645505565175"
"2","1645505564744","1645505565175"
"2","1645505564744","1645505565176"
"2","1645505564744","1645505565176"
"2","1645505564745","1645505565177"
"2","1645505564745","1645505565177"
"2","1645505564747","1645505565177"
"2","1645505564747","1645505565177"
"2","1645505564747","1645505565178"
"2","1645505564747","1645505565179"
"2","1645505564748","1645505565180"
"2","1645505564748","1645505565180"
"2","1645505564748","1645505565180"
"2","1645505564748","1645505565181"
"2","1645505564749","1645505565181"
"2","1645505564749","1645505565181"
"2","1645505564749","1645505565182"
"2","1645505564749","1645505565182"
"2","1645505564751","1645505565182"
"2","1645505564751","1645505565183"
"2","1645505564751","1645505565183"
"2","1645505564751","1645505565184"
"2","1645505564752","1645505565184"
"2","1645505564752","1645505565185"
"2","1645505564753","1645505565185"
"2","1645505564753","1645505565185"
"2","1645505564753","1645505565187"
"2","1645505564753","1645505565187"
"2","1645505564753","1645505565187"
"2","1645505564753","1645505565188"
"2","1645505564754","1645505565188"
"2","1645505564754","1645505565188"
"2","1645505564754","1645505565188"
"2","1645505564754","1645505565188"
"2","1645505564754","1645505565189"
"2","1645505564755","1645505565189"
"2","1645505564755","1645505565190"
"2","1645505564755","1645505565191"
"2","1645505564755","1645505565191"
"2","1645505564755","1645505565192"
"2","1645505564756","1645505565196"
"2","1645505564756","1645505565200"
"2","1645505564756","1645505565200"
"2","1645505564756","1645505565200"
"2","1645505564757","1645505565200"
"2","1645505564757","1645505565200"
"2","1645505564757","1645505565200"
"2","1645505564758","1645505565201"
"2","1645505564758","1645505565201"
"2","1645505564758","1645505565201"
"2","1645505564759","1645505565201"
"2","1645505564759","1645505565202"
"2","1645505564759","1645505565202"
"2","1645505564760","1645505565202"
"2","1645505564763","1645505565202"
"2","1645505564763","1645505565202"
"2","1645505564763","1645505565202"
"2","1645505564763","1645505565202"
"2","1645505564764","1645505565203"
"2","1645505564766","1645505565204"
"2","1645505564767","1645505565204"
"2","1645505564767","1645505565205"
"2","1645505564767","1645505565205"
"2","1645505564767","1645505565205"
"2","1645505564768","1645505565206"
"2","1645505564769","1645505565206"
"2","1645505564769","1645505565206"
"2","1645505564769","1645505565206"
"2","1645505564769","1645505565207"
"2","1645505564770","1645505565207"
"2","1645505564770","1645505565208"
"2","1645505564771","1645505565208"
"2","1645505564772","1645505565209"
"2","1645505564772","1645505565210"
"2","1645505564772","1645505565210"
"2","1645505564773","1645505565211"
"2","1645505564773","1645505565211"
"2","1645505564773","1645505565211"
"2","1645505564774","1645505565211"
"2","1645505564774","1645505565211"
"2","1645505564774","1645505565211"
"2","1645505564774","1645505565212"
"2","1645505564775","1645505565212"
"2","1645505564775","1645505565212"
"2","1645505564777","1645505565212"
"2","1645505564777","1645505565212"
"2","1645505564777","1645505565212"
"2","1645505564778","1645505565212"
"2","1645505564778","1645505565213"
"2","1645505564778","1645505565213"
"2","1645505564778","1645505565213"
"2","1645505564780","1645505565214"
"2","1645505564781","1645505565214"
"2","1645505564781","1645505565215"
"2","1645505564781","1645505565215"
"2","1645505564781","1645505565215"
"2","1645505564781","1645505565216"
"2","1645505564781","1645505565216"
"2","1645505564781","1645505565216"
"2","1645505564782","1645505565216"
"2","1645505564782","1645505565217"
"2","1645505564782","1645505565217"
"2","1645505564784","1645505565217"
"2","1645505564785","1645505565217"
"2","1645505564788","1645505565217"
"2","1645505564788","1645505565218"
"2","1645505564794","1645505565218"
"2","1645505564796","1645505565218"
"2","1645505564796","1645505565218"
"2","1645505564796","1645505565219"
"2","1645505564796","1645505565219"
"2","1645505564797","1645505565219"
"2","1645505564798","1645505565219"
"2","1645505564798","1645505565220"
"2","1645505564799","1645505565220"
"2","1645505564799","1645505565220"
"2","1645505564799","1645505565220"
"2","1645505564800","1645505565220"
"2","1645505564800","1645505565220"
"2","1645505564800","1645505565221"
"2","1645505564800","1645505565221"
"2","1645505564801","1645505565221"
"2","1645505564802","1645505565221"
"2","1645505564802","1645505565221"
"2","1645505564802","1645505565222"
"2","1645505564802","1645505565222"
"2","1645505564803","1645505565222"
"2","1645505564803","1645505565222"
"2","1645505564803","1645505565224"
"2","1645505564803","1645505565224"
"2","1645505564804","1645505565224"
"2","1645505564804","1645505565224"
"2","1645505564804","1645505565225"
"2","1645505564805","1645505565226"
"2","1645505564805","1645505565226"
"2","1645505564805","1645505565226"
"2","1645505564805","1645505565226"
"2","1645505564805","1645505565226"
"2","1645505564806","1645505565226"
"2","1645505564806","1645505565226"
"2","1645505564806","1645505565762"
"2","1645505564806","1645505565765"
"2","1645505564806","1645505565773"
"2","1645505564807","1645505565787"
"2","1645505564807","1645505565788"
"2","1645505564807","1645505565788"
"2","1645505564807","1645505565789"
"2","1645505564807","1645505565792"
"2","1645505564807","1645505565792"
"2","1645505564808","1645505565793"
"2","1645505564808","1645505565793"
"2","1645505564808","1645505565795"
"2","1645505564808","1645505565797"
"2","1645505564809","1645505565798"
"2","1645505564809","1645505565798"
"2","1645505564809","1645505565799"
"2","1645505564810","1645505565799"
"2","1645505564810","1645505565801"
"2","1645505564811","1645505565801"
"2","1645505564811","1645505565801"
"2","1645505564813","1645505565803"
"2","1645505564813","1645505565805"
"2","1645505564813","1645505565805"
"2","1645505564815","1645505565806"
"2","1645505564815","1645505565806"
"2","1645505564816","1645505565807"
"2","1645505564816","1645505565807"
"2","1645505564817","1645505565807"
"2","1645505564817","1645505565808"
"2","1645505564817","1645505565808"
"2","1645505564817","1645505565809"
"2","1645505564818","1645505565810"
"2","1645505564818","1645505565811"
"2","1645505564819","1645505565811"
"2","1645505564819","1645505565811"
"2","1645505564820","1645505565812"
"2","1645505564820","1645505565812"
"2","1645505564821","1645505565814"
"2","1645505564821","1645505565814"
"2","1645505564821","1645505565815"
"2","1645505564821","1645505565815"
"2","1645505564821","1645505565816"
"2","1645505564822","1645505565816"
"2","1645505564822","1645505565816"
"2","1645505564823","1645505565816"
"2","1645505564823","1645505565819"
"2","1645505564823","1645505565819"
"2","1645505564824","1645505565820"
"2","1645505564824","1645505565821"
"2","1645505564825","1645505565821"
"2","1645505564827","1645505565821"
"2","1645505564827","1645505565821"
"2","1645505564828","1645505565822"
"2","1645505564828","1645505565822"
"2","1645505564828","1645505565822"
"2","1645505564830","1645505565822"
"2","1645505564832","1645505565822"
"2","1645505564833","1645505565822"
"2","1645505564836","1645505565822"
"2","1645505564838","1645505565822"
"2","1645505564838","1645505565822"
"2","1645505564839","1645505565822"
"2","1645505564842","1645505565822"
"2","1645505564843","1645505565823"
"2","1645505564861","1645505565823"
"2","1645505564902","1645505565823"
"2","1645505564902","1645505565823"
"2","1645505564907","1645505565823"
"2","1645505564912","1645505565823"
"2","1645505564912","1645505565823"
"2","1645505564912","1645505565823"
"2","1645505564913","1645505565823"
"2","1645505564914","1645505565823"
"2","1645505564914","1645505565823"
"2","1645505564914","1645505565823"
"2","1645505564914","1645505565823"
"2","1645505564915","1645505565823"
"2","1645505564917","1645505565823"
"2","1645505564919","1645505565823"
"2","1645505564919","1645505565823"
"2","1645505564920","1645505565823"
"2","1645505564921","1645505565823"
"2","1645505564921","1645505565823"
"2","1645505564921","1645505565823"
"2","1645505564921","1645505565823"
"2","1645505564922","1645505565823"
"2","1645505564922","1645505565824"
"2","1645505564922","1645505565824"
"2","1645505564922","1645505565824"
"2","1645505564923","1645505565824"
"2","1645505564924","1645505565824"
"2","1645505564925","1645505565824"
"2","1645505564925","1645505565824"
"2","1645505564925","1645505565824"
"2","1645505564925","1645505565824"
"2","1645505564925","1645505565824"
"2","1645505564926","1645505565824"
"2","1645505564926","1645505565824"
"2","1645505564926","1645505565824"
"2","1645505564927","1645505565824"
"2","1645505564927","1645505565824"
"2","1645505564928","1645505565824"
"2","1645505564928","1645505565824"
"2","1645505564928","1645505565824"
"2","1645505564928","1645505565824"
"2","1645505564929","1645505565824"
"2","1645505564930","1645505565824"
"2","1645505564930","1645505565824"
"2","1645505564930","1645505565824"
"2","1645505564931","1645505565824"
"2","1645505564931","1645505565824"
"2","1645505564932","1645505565824"
"2","1645505564932","1645505565824"
"2","1645505564932","1645505565824"
"2","1645505564933","1645505565824"
"2","1645505564933","1645505565824"
"2","1645505564933","1645505565824"
"2","1645505564933","1645505565824"
"2","1645505564934","1645505565824"
"2","1645505564934","1645505565824"
"2","1645505564934","1645505565824"
"2","1645505564935","1645505565824"
"2","1645505564935","1645505565824"
"2","1645505564939","1645505565824"
"2","1645505564939","1645505565824"
"2","1645505564939","1645505565824"
"2","1645505564940","1645505565824"
"2","1645505564941","1645505565824"
"2","1645505564941","1645505565824"
"2","1645505564942","1645505565824"
"2","1645505564942","1645505565824"
"2","1645505564942","1645505565824"
"2","1645505564942","1645505565824"
"2","1645505564942","1645505565824"
"2","1645505564942","1645505565824"
"2","1645505564943","1645505565824"
"2","1645505564943","1645505565824"
"2","1645505564943","1645505565824"
"2","1645505564943","1645505565824"
"2","1645505564945","1645505565824"
"2","1645505564945","1645505565824"
"2","1645505564947","1645505565824"
"2","1645505564947","1645505565824"
"2","1645505564947","1645505565824"
"2","1645505564947","1645505565824"
"2","1645505564947","1645505565824"
"2","1645505564948","1645505565824"
"2","1645505564949","1645505565824"
"2","1645505564949","1645505565824"
"2","1645505564949","1645505565824"
"2","1645505564949","1645505565825"
"2","1645505564949","1645505565825"
"2","1645505564950","1645505565825"
"2","1645505564950","1645505565825"
"2","1645505564950","1645505565825"
"2","1645505564950","1645505565825"
"2","1645505564950","1645505565825"
"2","1645505564951","1645505565825"
"2","1645505564951","1645505565825"
"2","1645505564952","1645505565825"
"2","1645505564952","1645505565825"
"2","1645505564953","1645505565825"
"2","1645505564953","1645505565825"
"2","1645505564953","1645505565825"
"2","1645505564953","1645505565825"
"2","1645505564954","1645505565825"
"2","1645505564955","1645505565825"
"2","1645505564956","1645505565825"
"2","1645505564957","1645505565825"
"2","1645505564957","1645505565825"
"2","1645505564958","1645505565825"
"2","1645505564958","1645505565825"
"2","1645505564958","1645505565825"
"2","1645505564958","1645505565825"
"2","1645505564959","1645505565825"
"2","1645505564959","1645505565825"
"2","1645505564959","1645505565825"
"2","1645505564959","1645505565825"
"2","1645505564959","1645505565825"
"2","1645505564959","1645505565825"
"2","1645505564960","1645505565825"
"2","1645505564960","1645505565825"
"2","1645505564960","1645505565825"
"2","1645505564960","1645505565825"
"2","1645505564960","1645505565825"
"2","1645505564960","1645505565825"
"2","1645505564961","1645505565825"
"2","1645505564961","1645505565825"
"2","1645505564961","1645505565826"
"2","1645505564961","1645505565826"
"2","1645505564961","1645505565826"
"2","1645505564963","1645505565826"
"2","1645505564963","1645505565826"
"2","1645505564964","1645505565826"
"2","1645505564964","1645505565826"
"2","1645505564964","1645505565826"
"2","1645505564964","1645505565826"
"2","1645505564964","1645505565826"
"2","1645505564964","1645505565826"
"2","1645505564965","1645505565826"
"2","1645505564965","1645505565826"
"2","1645505564967","1645505565826"
"2","1645505564967","1645505565826"
"2","1645505564967","1645505565826"
"2","1645505564968","1645505565826"
"2","1645505564969","1645505565826"
"2","1645505564969","1645505565826"
"2","1645505564972","1645505565826"
"2","1645505564973","1645505565826"
"2","1645505564973","1645505565826"
"2","1645505564973","1645505565826"
"2","1645505564973","1645505565826"
"2","1645505564974","1645505565826"
"2","1645505564974","1645505565826"
"2","1645505564974","1645505565826"
"2","1645505564974","1645505565826"
"2","1645505564975","1645505565826"
"2","1645505564975","1645505565826"
"2","1645505564976","1645505565826"
"2","1645505564978","1645505565826"
"2","1645505564978","1645505565826"
"2","1645505564978","1645505565826"
"2","1645505564979","1645505565826"
"2","1645505564979","1645505565826"
"2","1645505564980","1645505565826"
"2","1645505564980","1645505565826"
"2","1645505564981","1645505565826"
"2","1645505564981","1645505565826"
"2","1645505564981","1645505565826"
"2","1645505564982","1645505565826"
"2","1645505564982","1645505565826"
"2","1645505564982","1645505565826"
"2","1645505564982","1645505565826"
"2","1645505564982","1645505565826"
"2","1645505564982","1645505565826"
"2","1645505564982","1645505565826"
"2","1645505564983","1645505565826"
"2","1645505564983","1645505565826"
"2","1645505564983","1645505565826"
"2","1645505564984","1645505565826"
"2","1645505564984","1645505565826"
"2","1645505564985","1645505565826"
"2","1645505564986","1645505565826"
"2","1645505564986","1645505565826"
"2","1645505564987","1645505565826"
"2","1645505564987","1645505565826"
"2","1645505564987","1645505565826"
"2","1645505564987","1645505565826"
"2","1645505564987","1645505565826"
"2","1645505564988","1645505565826"
"2","1645505564988","1645505565826"
"2","1645505564988","1645505565826"
"2","1645505564988","1645505565826"
"2","1645505564988","1645505565826"
"2","1645505564989","1645505565826"
"2","1645505564989","1645505565826"
"2","1645505564989","1645505565826"
"2","1645505564989","1645505565826"
"2","1645505564989","1645505565826"
"2","1645505564990","1645505565828"
"2","1645505564990","1645505565828"
"2","1645505564992","1645505565828"
"2","1645505564993","1645505565828"
"2","1645505564993","1645505565828"
"2","1645505564993","1645505565828"
"2","1645505564993","1645505565828"
"2","1645505564993","1645505565828"
"2","1645505564993","1645505565828"
"2","1645505564994","1645505565828"
"2","1645505564994","1645505565828"
"2","1645505564995","1645505565828"
"2","1645505564995","1645505565828"
"2","1645505564996","1645505565828"
"2","1645505564997","1645505565828"
"2","1645505564997","1645505565828"
"2","1645505564997","1645505565828"
"2","1645505564997","1645505565828"
"2","1645505564997","1645505565828"
"2","1645505564997","1645505565828"
"2","1645505564998","1645505565828"
"2","1645505564999","1645505565828"
"2","1645505564999","1645505565828"
"2","1645505564999","1645505565828"
"2","1645505564999","1645505565828"
"2","1645505565000","1645505565828"
"2","1645505565000","1645505565828"
"2","1645505565000","1645505565828"
"2","1645505565001","1645505565829"
"2","1645505565001","1645505565829"
"2","1645505565001","1645505565829"
"2","1645505565002","1645505565829"
"2","1645505565080","1645505565829"
"2","1645505565080","1645505565829"
"2","1645505565083","1645505565829"
"2","1645505565088","1645505565829"
"2","1645505565088","1645505565829"
"2","1645505565088","1645505565829"
"2","1645505565089","1645505565829"
"2","1645505565092","1645505565829"
"2","1645505565092","1645505565829"
"2","1645505565094","1645505565829"
"2","1645505565094","1645505565829"
"2","1645505565096","1645505565829"
"2","1645505565098","1645505565829"
"2","1645505565099","1645505565829"
"2","1645505565099","1645505565829"
"2","1645505565101","1645505565829"
"2","1645505565102","1645505565829"
"2","1645505565102","1645505565829"
"2","1645505565103","1645505565829"
"2","1645505565104","1645505565829"
"2","1645505565105","1645505565829"
"2","1645505565108","1645505565829"
"2","1645505565109","1645505565829"
"2","1645505565113","1645505565829"
"2","1645505565115","1645505565829"
"2","1645505565115","1645505565829"
"2","1645505565116","1645505565829"
"2","1645505565118","1645505565829"
"2","1645505565120","1645505565829"
"2","1645505565124","1645505565829"
"2","1645505565125","1645505565829"
"2","1645505565131","1645505565829"
"2","1645505565133","1645505565829"
"2","1645505565134","1645505565829"
"2","1645505565136","1645505565829"
"2","1645505565136","1645505565829"
"2","1645505565137","1645505565829"
"2","1645505565138","1645505565829"
"2","1645505565139","1645505565829"
"2","1645505565141","1645505565829"
"2","1645505565141","1645505565829"
"2","1645505565142","1645505565829"
"2","1645505565143","1645505565829"
"2","1645505565144","1645505565829"
"2","1645505565146","1645505565829"
"2","1645505565147","1645505565829"
"2","1645505565148","1645505565829"
"2","1645505565152","1645505565829"
"2","1645505565153","1645505565829"
"2","1645505565156","1645505565829"
"2","1645505565158","1645505565829"
"2","1645505565160","1645505565829"
"2","1645505565163","1645505565829"
"2","1645505565167","1645505565829"
"2","1645505565167","1645505565829"
"2","1645505565169","1645505565829"
"2","1645505565169","1645505565829"
"2","1645505565169","1645505565829"
"2","1645505565170","1645505565829"
"2","1645505565170","1645505565829"
"2","1645505565170","1645505565829"
"2","1645505565171","1645505565829"
"2","1645505565171","1645505565829"
"2","1645505565171","1645505565829"
"2","1645505565171","1645505565829"
"2","1645505565172","1645505565829"
"2","1645505565172","1645505565829"
"2","1645505565172","1645505565829"
"2","1645505565172","1645505565829"
"2","1645505565172","1645505565829"
"2","1645505565173","1645505565829"
"2","1645505565173","1645505565829"
"2","1645505565173","1645505565829"
"2","1645505565174","1645505565829"
"2","1645505565174","1645505565829"
"2","1645505565174","1645505565829"
"2","1645505565175","1645505565829"
"2","1645505565175","1645505565829"
"2","1645505565175","1645505565829"
"2","1645505565176","1645505565829"
"2","1645505565176","1645505565829"
"2","1645505565177","1645505565829"
"2","1645505565177","1645505565829"
"2","1645505565177","1645505565829"
"2","1645505565177","1645505565829"
"2","1645505565178","1645505565829"
"2","1645505565179","1645505565829"
"2","1645505565180","1645505565829"
"2","1645505565180","1645505565829"
"2","1645505565180","1645505565829"
"2","1645505565181","1645505565829"
"2","1645505565181","1645505565829"
"2","1645505565181","1645505565829"
"2","1645505565182","1645505565829"
"2","1645505565182","1645505565829"
"2","1645505565182","1645505565829"
"2","1645505565183","1645505565829"
"2","1645505565183","1645505565829"
"2","1645505565184","1645505565829"
"2","1645505565184","1645505565829"
"2","1645505565185","1645505565829"
"2","1645505565185","1645505565829"
"2","1645505565185","1645505565829"
"2","1645505565187","1645505565829"
"2","1645505565187","1645505565829"
"2","1645505565187","1645505565829"
"2","1645505565188","1645505565829"
"2","1645505565188","1645505565829"
"2","1645505565188","1645505565829"
"2","1645505565188","1645505565829"
"2","1645505565188","1645505565829"
"2","1645505565189","1645505565829"
"2","1645505565189","1645505565829"
"2","1645505565190","1645505565829"
"2","1645505565191","1645505565829"
"2","1645505565191","1645505565829"
"2","1645505565192","1645505565829"
"2","1645505565196","1645505565829"
"2","1645505565200","1645505565829"
"2","1645505565200","1645505565829"
"2","1645505565200","1645505565829"
"2","1645505565200","1645505565829"
"2","1645505565200","1645505565829"
"2","1645505565200","1645505565829"
"2","1645505565201","1645505565829"
"2","1645505565201","1645505565829"
"2","1645505565201","1645505565829"
"2","1645505565201","1645505565829"
"2","1645505565202","1645505565829"
"2","1645505565202","1645505565829"
"2","1645505565202","1645505565829"
"2","1645505565202","1645505565829"
"2","1645505565202","1645505565829"
"2","1645505565202","1645505565829"
"2","1645505565202","1645505565829"
"2","1645505565203","1645505565829"
"2","1645505565204","1645505565829"
"2","1645505565204","1645505565829"
"2","1645505565205","1645505565829"
"2","1645505565205","1645505565829"
"2","1645505565205","1645505565829"
"2","1645505565206","1645505565829"
"2","1645505565206","1645505565829"
"2","1645505565206","1645505565829"
"2","1645505565206","1645505565829"
"2","1645505565207","1645505565829"
"2","1645505565207","1645505565829"
"2","1645505565208","1645505565829"
"2","1645505565208","1645505565829"
"2","1645505565209","1645505565829"
"2","1645505565210","1645505565829"
"2","1645505565210","1645505565829"
"2","1645505565211","1645505565829"
"2","1645505565211","1645505565829"
"2","1645505565211","1645505565829"
"2","1645505565211","1645505565829"
"2","1645505565211","1645505565829"
"2","1645505565211","1645505565829"
"2","1645505565212","1645505565829"
"2","1645505565212","1645505565829"
"2","1645505565212","1645505565829"
"2","1645505565212","1645505565829"
"2","1645505565212","1645505565829"
"2","1645505565212","1645505565829"
"2","1645505565212","1645505565829"
"2","1645505565213","1645505565829"
"2","1645505565213","1645505565829"
"2","1645505565213","1645505565829"
"2","1645505565214","1645505565829"
"2","1645505565214","1645505565829"
"2","1645505565215","1645505565829"
"2","1645505565215","1645505565829"
"2","1645505565215","1645505565829"
"2","1645505565216","1645505565829"
"2","1645505565216","1645505565829"
"2","1645505565216","1645505565829"
"2","1645505565216","1645505565829"
"2","1645505565217","1645505565829"
"2","1645505565217","1645505565829"
"2","1645505565217","1645505565829"
"2","1645505565217","1645505565829"
"2","1645505565217","1645505565829"
"2","1645505565218","1645505565829"
"2","1645505565218","1645505565834"
"2","1645505565218","1645505565834"
"2","1645505565218","1645505565834"
"2","1645505565219","1645505565834"
"2","1645505565219","1645505565834"
"2","1645505565219","1645505565834"
"2","1645505565219","1645505565834"
"2","1645505565220","1645505565834"
"2","1645505565220","1645505565834"
"2","1645505565220","1645505565834"
"2","1645505565220","1645505565834"
"2","1645505565220","1645505565834"
"2","1645505565220","1645505565834"
"2","1645505565221","1645505565834"
"2","1645505565221","1645505565834"
"2","1645505565221","1645505565834"
"2","1645505565221","1645505565834"
"2","1645505565221","1645505565834"
"2","1645505565222","1645505565834"
"2","1645505565222","1645505565834"
"2","1645505565222","1645505565834"
"2","1645505565222","1645505565834"
"2","1645505565224","1645505565834"
"2","1645505565224","1645505565834"
"2","1645505565224","1645505565834"
"2","1645505565224","1645505565834"
"2","1645505565225","1645505565834"
"2","1645505565226","1645505565834"
"2","1645505565226","1645505565834"
"2","1645505565226","1645505565834"
"2","1645505565226","1645505565834"
"2","1645505565226","1645505565834"
"2","1645505565226","1645505565834"
"2","1645505565226","1645505565834"
"2","1645505565762","1645505565834"
"2","1645505565764","1645505565834"
"2","1645505565765","1645505565834"
"2","1645505565773","1645505565834"
"2","1645505565777","1645505565834"
"2","1645505565787","1645505565834"
"2","1645505565788","1645505565834"
"2","1645505565788","1645505565834"
"2","1645505565789","1645505565834"
"2","1645505565792","1645505565834"
"2","1645505565792","1645505565834"
"2","1645505565793","1645505565834"
"2","1645505565793","1645505565834"
"2","1645505565795","1645505565834"
"2","1645505565797","1645505565834"
"2","1645505565798","1645505565834"
"2","1645505565798","1645505565834"
"2","1645505565799","1645505565834"
"2","1645505565799","1645505565834"
"2","1645505565801","1645505565834"
"2","1645505565801","1645505565834"
"2","1645505565801","1645505565834"
"2","1645505565803","1645505565834"
"2","1645505565805","1645505565834"
"2","1645505565805","1645505565834"
"2","1645505565806","1645505565834"
"2","1645505565806","1645505565834"
"2","1645505565807","1645505565834"
"2","1645505565807","1645505565834"
"2","1645505565807","1645505565834"
"2","1645505565808","1645505565834"
"2","1645505565808","1645505565834"
"2","1645505565809","1645505565834"
"2","1645505565810","1645505565834"
"2","1645505565811","1645505565834"
"2","1645505565811","1645505565834"
"2","1645505565811","1645505565834"
"2","1645505565812","1645505565834"
"2","1645505565812","1645505565834"
"2","1645505565814","1645505565834"
"2","1645505565814","1645505565834"
"2","1645505565815","1645505565834"
"2","1645505565815","1645505565834"
"2","1645505565816","1645505565834"
"2","1645505565816","1645505565834"
"2","1645505565816","1645505565834"
"2","1645505565816","1645505565834"
"2","1645505565819","1645505565834"
"2","1645505565819","1645505565834"
"2","1645505565820","1645505565834"
"2","1645505565821","1645505565834"
"2","1645505565821","1645505565834"
"2","1645505565821","1645505565834"
"2","1645505565821","1645505565834"
"2","1645505565822","1645505565834"
"2","1645505565822","1645505565834"
"2","1645505565823","1645505565834"
"2","1645505565824","1645505565834"
"2","1645505565824","1645505565834"
"2","1645505565824","1645505565834"
"2","1645505565825","1645505565834"
"2","1645505565826","1645505565834"
"2","1645505565826","1645505565834"
"2","1645505565828","1645505565834"
"2","1645505565828","1645505565834"
"2","1645505565829","1645505565834"
"2","1645505565834","1645505565834"
"3","1645505564759","1645505564929"
"3","1645505564760","1645505564933"
"3","1645505564760","1645505564939"
"3","1645505564761","1645505564940"
"3","1645505564761","1645505564940"
"3","1645505564761","1645505564955"
"3","1645505564762","1645505564984"
"3","1645505564762","1645505565004"
"3","1645505564763","1645505565006"
"3","1645505564764","1645505565097"
"3","1645505564764","1645505565100"
"3","1645505564764","1645505565130"
"3","1645505564765","1645505565147"
"3","1645505564929","1645505565172"
"3","1645505564933","1645505565191"
"3","1645505564939","1645505565202"
"3","1645505564940","1645505565204"
"3","1645505564940","1645505565214"
"3","1645505564955","1645505565218"
"3","1645505564984","1645505565783"
"3","1645505565004","1645505565796"
"3","1645505565006","1645505565833"
"3","1645505565097","1645505565833"
"3","1645505565100","1645505565833"
"3","1645505565130","1645505565833"
"3","1645505565147","1645505565833"
"3","1645505565172","1645505565833"
"3","1645505565191","1645505565833"
"3","1645505565202","1645505565833"
"3","1645505565204","1645505565833"
"3","1645505565214","1645505565833"
"3","1645505565218","1645505565833"
"3","1645505565783","1645505565833"
"3","1645505565796","1645505565833"
"3","1645505565833","1645505565833"
